hashtag,time,tweets
quote,2021,7
writing,2021,6
amwriting,2021,5
writingcommunity,2021,2
writetip,2021,2
write,2021,2
weekendwisdom,2021,2
redaction,2021,2
ecriture,2021,2
book,2021,2
ஏலே,2021,1
writing,2020,7
amwriting,2020,6
cuarentena,2020,4
art,2020,4
suicide,2020,3
mentalheath,2020,3
davidfosterwallace,2020,3
bellletstalk,2020,3
writingtips,2020,2
writerslife,2020,2
votebluetosaveamerica,2020,2
tennis,2020,2
amwriting,2019,22
writing,2019,21
taldíacomohoy,2019,6
fiction,2019,6
reseña,2019,5
writetip,2019,4
sundance,2019,4
milkstreetradio,2019,4
libros,2019,4
happybirthdayfederer,2019,4
book,2019,4
writingtips,2019,3
davidfosterwallace,2018,25
metoo,2018,22
amwriting,2018,15
writing,2018,13
taldíacomohoy,2018,11
dfw,2018,11
unpopped,2018,7
johnmcain,2018,7
art,2018,6
writerslife,2018,5
onthisday,2018,5
johnmccain,2018,5
writing,2017,30
amwriting,2017,30
longreads,2017,10
tnyarchive,2017,8
infiniteseptember,2017,6
writingtips,2017,5
writerslife,2017,5
usopen,2017,5
gorsuchhearing,2017,5
fiction,2017,5
empiezaaleer,2017,5
worldsuicidepreventionday,2017,4
vote,2016,20
electionday,2016,20
president,2016,16
infinitejest,2016,15
davidfosterwallace,2016,12
theendofthetour,2016,10
amwriting,2016,10
tnyarchive,2016,9
writing,2016,8
worldmentalhealthday,2016,7
wimbledon,2016,5
fahrenheit,2016,5
theendofthetour,2015,65
endofthetour,2015,42
sundance,2015,37
davidfosterwallace,2015,31
writing,2015,22
sundance2015,2015,20
fiction,2015,16
longreads,2015,14
dfw,2015,13
amwriting,2015,13
thisiswater,2015,10
wimbledon,2015,8
infinitejest,2014,17
davidfosterwallace,2014,15
dfw,2014,13
writing,2014,12
quotes,2014,10
fiction,2014,8
authorclub,2014,8
amwriting,2014,8
longreads,2014,7
literature,2014,7
lego,2014,7
tnyarchive,2014,6
dfw,2013,44
dfwday,2013,14
einfinitejest,2013,12
davidfosterwallace,2013,9
thisiswater,2013,8
ted,2013,8
writing,2013,7
ricordandodfw,2013,7
infinitejest,2013,7
novedadrhm,2013,6
máslibros,2013,6
fridayreads,2013,6
dfw,2012,53
dfw50,2012,28
longreads,2012,18
lit,2012,16
davidfosterwallace,2012,13
fridayreads,2012,12
books,2012,12
quotes,2012,9
writing,2012,7
infinitejest,2012,7
dfwsymp,2012,7
rhmflash,2012,6
dfw,2011,53
longreads,2011,45
thepaleking,2011,18
fiction,2011,16
fridayreads,2011,13
writing,2011,11
paleking,2011,6
literature,2011,5
anchorage,2011,5
literarysmackdowns,2011,4
fb,2011,4
davidfosterwallace,2011,4
writing,2010,8
dfw,2010,5
iwritelike,2010,4
fridayreads,2010,4
writechat,2010,3
words,2010,3
davidfosterwallace,2010,3
books,2010,3
writerrockermashup,2010,2
wits,2010,2
wimbledon,2010,2
thisiswater,2010,2
infsum,2009,7
fb,2009,3
writing,2009,2
writetip,2009,2
writegoal,2009,2
wimbledon,2009,2
longreads,2009,2
dfw,2009,2
archive,2009,2
wallace,2009,1
swf,2009,1
reading,2009,1
